objID,ra,dec,specObjID,Spec_ra,Spec_dec,Specz,Specz_err
587729233059644227,260.61326375,32.1325718,837341054062559232,260.61327,32.132572,0.22331,2.43577E-4
